时间戳(秒),样本编号,延迟(纳秒),延迟(微秒),当前任务,PID,CPU,硬中断上下文
23844.568394,833,3379,3.379,swapper/1,0,1,1
23844.578408,834,14045,14.045,swapper/1,0,1,1
23844.588411,835,16962,16.962,swapper/1,0,1,1
23844.598410,836,16254,16.254,swapper/1,0,1,1
23844.608408,837,14545,14.545,swapper/1,0,1,1
23844.618412,838,17420,17.420,swapper/1,0,1,1
23844.628410,839,15504,15.504,swapper/1,0,1,1
23844.638408,840,14379,14.379,swapper/1,0,1,1
23844.648409,841,15670,15.670,swapper/1,0,1,1
23844.658410,842,15712,15.712,swapper/1,0,1,1
23844.668410,843,16254,16.254,swapper/1,0,1,1
23844.678411,844,16920,16.920,swapper/1,0,1,1
23844.688410,845,15296,15.296,swapper/1,0,1,1
23844.698410,846,15837,15.837,swapper/1,0,1,1
23844.708410,847,16004,16.004,swapper/1,0,1,1
23844.718411,848,16754,16.754,swapper/1,0,1,1
23844.728407,849,12587,12.587,swapper/1,0,1,1
23844.738409,850,15504,15.504,swapper/1,0,1,1
23844.748407,851,14379,14.379,swapper/1,0,1,1
23844.758400,852,8046,8.046,swapper/1,0,1,1
23844.768406,853,12712,12.712,swapper/1,0,1,1
23844.778401,854,7462,7.462,swapper/1,0,1,1
23844.788396,855,4379,4.379,swapper/1,0,1,1
23844.798395,856,4379,4.379,swapper/1,0,1,1
23844.808396,857,4546,4.546,swapper/1,0,1,1
23844.818395,858,4087,4.087,swapper/1,0,1,1
23844.828394,859,3379,3.379,swapper/1,0,1,1
23844.838395,860,3879,3.879,swapper/1,0,1,1
23844.848394,861,3462,3.462,swapper/1,0,1,1
23844.858395,862,4254,4.254,swapper/1,0,1,1
23844.868395,863,4379,4.379,swapper/1,0,1,1
23844.878394,864,3504,3.504,swapper/1,0,1,1
23844.888393,865,3046,3.046,swapper/1,0,1,1
23844.898394,866,3254,3.254,swapper/1,0,1,1
23844.908394,867,3546,3.546,swapper/1,0,1,1
23844.918394,868,3754,3.754,swapper/1,0,1,1
23844.928394,869,3087,3.087,swapper/1,0,1,1
23844.938395,870,3962,3.962,swapper/1,0,1,1
23844.948394,871,3629,3.629,swapper/1,0,1,1
23844.958394,872,2921,2.921,swapper/1,0,1,1
23844.968395,873,3712,3.712,swapper/1,0,1,1
23844.978397,874,4671,4.671,swapper/1,0,1,1
23844.988394,875,3379,3.379,swapper/1,0,1,1
23844.998394,876,3462,3.462,swapper/1,0,1,1
23845.008394,877,3504,3.504,swapper/1,0,1,1
23845.018393,878,3296,3.296,swapper/1,0,1,1
23845.028393,879,3087,3.087,swapper/1,0,1,1
23845.038393,880,3171,3.171,swapper/1,0,1,1
23845.048394,881,3421,3.421,swapper/1,0,1,1
23845.058394,882,3212,3.212,swapper/1,0,1,1
23845.068395,883,4337,4.337,swapper/1,0,1,1
23845.078394,884,3421,3.421,swapper/1,0,1,1
23845.088393,885,3046,3.046,swapper/1,0,1,1
23845.098393,886,3004,3.004,swapper/1,0,1,1
23845.108394,887,3379,3.379,swapper/1,0,1,1
23845.118393,888,2879,2.879,swapper/1,0,1,1
23845.128393,889,2962,2.962,swapper/1,0,1,1
23845.138394,890,3379,3.379,swapper/1,0,1,1
23845.148394,891,3254,3.254,swapper/1,0,1,1
23845.158394,892,3462,3.462,swapper/1,0,1,1
23845.168394,893,3337,3.337,swapper/1,0,1,1
23845.178394,894,3379,3.379,swapper/1,0,1,1
23845.188394,895,3712,3.712,swapper/1,0,1,1
23845.198394,896,3379,3.379,swapper/1,0,1,1
23845.208393,897,3129,3.129,swapper/1,0,1,1
23845.218394,898,3254,3.254,swapper/1,0,1,1
23845.228393,899,3087,3.087,swapper/1,0,1,1
23845.238394,900,3462,3.462,swapper/1,0,1,1
23845.248393,901,2962,2.962,swapper/1,0,1,1
23845.258394,902,3296,3.296,swapper/1,0,1,1
23845.268394,903,3171,3.171,swapper/1,0,1,1
23845.278393,904,3129,3.129,swapper/1,0,1,1
23845.288393,905,3254,3.254,swapper/1,0,1,1
23845.298394,906,3671,3.671,swapper/1,0,1,1
23845.308393,907,2879,2.879,swapper/1,0,1,1
23845.318393,908,2879,2.879,swapper/1,0,1,1
23845.328407,909,13212,13.212,swapper/1,0,1,1
23845.338411,910,16254,16.254,swapper/1,0,1,1
23845.348408,911,14421,14.421,swapper/1,0,1,1
23845.358408,912,13754,13.754,swapper/1,0,1,1
23845.368405,913,12379,12.379,swapper/1,0,1,1
23845.378410,914,16087,16.087,swapper/1,0,1,1
23845.388400,915,7088,7.088,swapper/1,0,1,1
23845.398396,916,4588,4.588,swapper/1,0,1,1
23845.408396,917,4421,4.421,swapper/1,0,1,1
23845.418394,918,3796,3.796,swapper/1,0,1,1
23845.428395,919,4129,4.129,swapper/1,0,1,1
23845.438394,920,3421,3.421,swapper/1,0,1,1
23845.448394,921,3754,3.754,swapper/1,0,1,1
23845.458395,922,5004,5.004,swapper/1,0,1,1
23845.468394,923,3213,3.213,swapper/1,0,1,1
23845.478393,924,3129,3.129,swapper/1,0,1,1
23845.488393,925,2921,2.921,swapper/1,0,1,1
23845.498393,926,3046,3.046,swapper/1,0,1,1
23845.508394,927,3338,3.338,swapper/1,0,1,1
23845.518393,928,3171,3.171,swapper/1,0,1,1
23845.528393,929,3213,3.213,swapper/1,0,1,1
23845.538394,930,3338,3.338,swapper/1,0,1,1
23845.548394,931,3463,3.463,swapper/1,0,1,1
23845.558394,932,3296,3.296,swapper/1,0,1,1
23845.568394,933,3171,3.171,swapper/1,0,1,1
23845.578393,934,2838,2.838,swapper/1,0,1,1
23845.588393,935,3046,3.046,swapper/1,0,1,1
23845.598394,936,3213,3.213,swapper/1,0,1,1
23845.608393,937,2963,2.963,swapper/1,0,1,1
23845.618395,938,3921,3.921,swapper/1,0,1,1
23845.628394,939,3504,3.504,swapper/1,0,1,1
23845.638394,940,3379,3.379,swapper/1,0,1,1
23845.648394,941,3504,3.504,swapper/1,0,1,1
23845.658393,942,3088,3.088,swapper/1,0,1,1
23845.668394,943,3254,3.254,swapper/1,0,1,1
23845.678394,944,3129,3.129,swapper/1,0,1,1
23845.688393,945,2879,2.879,swapper/1,0,1,1
23845.698393,946,3171,3.171,swapper/1,0,1,1
23845.708393,947,3004,3.004,swapper/1,0,1,1
23845.718394,948,3463,3.463,swapper/1,0,1,1
23845.728394,949,3379,3.379,swapper/1,0,1,1
23845.738393,950,2879,2.879,swapper/1,0,1,1
23845.748393,951,3046,3.046,swapper/1,0,1,1
23845.758394,952,3213,3.213,swapper/1,0,1,1
23845.768393,953,3129,3.129,swapper/1,0,1,1
23845.778394,954,3879,3.879,swapper/1,0,1,1
23845.788393,955,3004,3.004,swapper/1,0,1,1
23845.798393,956,3213,3.213,swapper/1,0,1,1
23845.808393,957,3004,3.004,swapper/1,0,1,1
23845.818394,958,3088,3.088,swapper/1,0,1,1
23845.828393,959,3088,3.088,swapper/1,0,1,1
23845.838394,960,3921,3.921,swapper/1,0,1,1
23845.848394,961,3254,3.254,swapper/1,0,1,1
23845.858393,962,3213,3.213,swapper/1,0,1,1
23845.868394,963,3421,3.421,swapper/1,0,1,1
23845.878394,964,3588,3.588,swapper/1,0,1,1
23845.888393,965,3088,3.088,swapper/1,0,1,1
23845.898393,966,2879,2.879,swapper/1,0,1,1
23845.908394,967,3546,3.546,swapper/1,0,1,1
23845.918393,968,2838,2.838,swapper/1,0,1,1
23845.928394,969,3671,3.671,swapper/1,0,1,1
23845.938395,970,4296,4.296,swapper/1,0,1,1
23845.948394,971,3504,3.504,swapper/1,0,1,1
23845.958394,972,3754,3.754,swapper/1,0,1,1
23845.968396,973,4129,4.129,swapper/1,0,1,1
23845.978394,974,3254,3.254,swapper/1,0,1,1
23845.988394,975,3379,3.379,swapper/1,0,1,1
23845.998393,976,3088,3.088,swapper/1,0,1,1
23846.008393,977,3296,3.296,swapper/1,0,1,1
23846.018393,978,3129,3.129,swapper/1,0,1,1
23846.028394,979,3421,3.421,swapper/1,0,1,1
23846.038393,980,2963,2.963,swapper/1,0,1,1
23846.048393,981,3046,3.046,swapper/1,0,1,1
23846.058394,982,3504,3.504,swapper/1,0,1,1
23846.068394,983,3629,3.629,swapper/1,0,1,1
23846.078394,984,3421,3.421,swapper/1,0,1,1
23846.088394,985,3421,3.421,swapper/1,0,1,1
23846.098395,986,3796,3.796,swapper/1,0,1,1
23846.108395,987,3671,3.671,swapper/1,0,1,1
23846.118393,988,3088,3.088,swapper/1,0,1,1
23846.128393,989,3213,3.213,swapper/1,0,1,1
23846.138394,990,3005,3.005,swapper/1,0,1,1
23846.148393,991,3130,3.130,swapper/1,0,1,1
23846.158393,992,3088,3.088,swapper/1,0,1,1
23846.168394,993,3088,3.088,swapper/1,0,1,1
23846.178394,994,3671,3.671,swapper/1,0,1,1
23846.188393,995,3380,3.380,swapper/1,0,1,1
23846.198394,996,3380,3.380,swapper/1,0,1,1
23846.208394,997,3255,3.255,swapper/1,0,1,1
23846.218393,998,3421,3.421,swapper/1,0,1,1
23846.228394,999,3671,3.671,swapper/1,0,1,1
23846.238393,1000,2963,2.963,swapper/1,0,1,1
23846.248393,1001,2963,2.963,swapper/1,0,1,1
23846.258394,1002,3546,3.546,swapper/1,0,1,1
23846.268394,1003,3088,3.088,swapper/1,0,1,1
23846.278394,1004,3463,3.463,swapper/1,0,1,1
23846.288394,1005,3130,3.130,swapper/1,0,1,1
23846.298393,1006,2838,2.838,swapper/1,0,1,1
23846.308393,1007,2880,2.880,swapper/1,0,1,1
23846.318393,1008,3046,3.046,swapper/1,0,1,1
23846.328393,1009,3255,3.255,swapper/1,0,1,1
23846.338394,1010,3130,3.130,swapper/1,0,1,1
23846.348393,1011,2921,2.921,swapper/1,0,1,1
23846.358393,1012,2755,2.755,swapper/1,0,1,1
23846.368394,1013,3296,3.296,swapper/1,0,1,1
23846.378393,1014,3296,3.296,swapper/1,0,1,1
23846.388410,1015,15921,15.921,swapper/1,0,1,1
23846.398410,1016,16838,16.838,swapper/1,0,1,1
23846.408403,1017,10338,10.338,swapper/1,0,1,1
23846.418407,1018,13796,13.796,swapper/1,0,1,1
23846.428409,1019,14630,14.630,swapper/1,0,1,1
23846.438406,1020,11963,11.963,swapper/1,0,1,1
23846.448399,1021,6421,6.421,swapper/1,0,1,1
23846.458395,1022,3921,3.921,swapper/1,0,1,1
23846.468395,1023,3963,3.963,swapper/1,0,1,1
23846.478395,1024,4213,4.213,swapper/1,0,1,1
23846.488396,1025,4671,4.671,swapper/1,0,1,1
23846.498394,1026,3505,3.505,swapper/1,0,1,1
23846.508394,1027,4005,4.005,swapper/1,0,1,1
23846.518393,1028,3130,3.130,swapper/1,0,1,1
23846.528395,1029,3130,3.130,swapper/1,0,1,1
23846.538394,1030,3796,3.796,swapper/1,0,1,1
23846.548395,1031,3713,3.713,swapper/1,0,1,1
23846.558394,1032,3255,3.255,swapper/1,0,1,1
23846.568393,1033,3005,3.005,swapper/1,0,1,1
23846.578394,1034,3963,3.963,swapper/1,0,1,1
23846.588394,1035,3171,3.171,swapper/1,0,1,1
23846.598393,1036,3005,3.005,swapper/1,0,1,1
23846.608393,1037,3171,3.171,swapper/1,0,1,1
23846.618394,1038,3421,3.421,swapper/1,0,1,1
23846.628394,1039,3546,3.546,swapper/1,0,1,1
23846.638395,1040,3421,3.421,swapper/1,0,1,1
23846.648394,1041,3421,3.421,swapper/1,0,1,1
23846.658394,1042,3213,3.213,swapper/1,0,1,1
23846.668394,1043,3130,3.130,swapper/1,0,1,1
23846.678394,1044,3838,3.838,swapper/1,0,1,1
23846.688394,1045,3380,3.380,swapper/1,0,1,1
23846.698394,1046,3421,3.421,swapper/1,0,1,1
23846.708394,1047,3130,3.130,swapper/1,0,1,1
23846.718394,1048,3380,3.380,swapper/1,0,1,1
23846.728394,1049,3171,3.171,swapper/1,0,1,1
23846.738394,1050,4255,4.255,swapper/1,0,1,1
23846.748393,1051,2838,2.838,swapper/1,0,1,1
23846.758394,1052,3171,3.171,swapper/1,0,1,1
23846.768394,1053,3463,3.463,swapper/1,0,1,1
23846.778410,1054,15880,15.880,swapper/1,0,1,1
23846.788411,1055,16422,16.422,swapper/1,0,1,1
23846.798411,1056,17088,17.088,swapper/1,0,1,1
23846.808405,1057,12005,12.005,swapper/1,0,1,1
23846.818409,1058,15463,15.463,swapper/1,0,1,1
23846.828410,1059,15422,15.422,swapper/1,0,1,1
23846.838409,1060,15047,15.047,swapper/1,0,1,1
23846.848410,1061,16922,16.922,swapper/1,0,1,1
23846.858409,1062,15838,15.838,swapper/1,0,1,1
23846.868409,1063,15797,15.797,swapper/1,0,1,1
23846.878409,1064,15213,15.213,swapper/1,0,1,1
23846.888410,1065,16755,16.755,swapper/1,0,1,1
23846.898409,1066,14672,14.672,swapper/1,0,1,1
23846.908410,1067,16422,16.422,swapper/1,0,1,1
23846.918410,1068,16047,16.047,swapper/1,0,1,1
23846.928410,1069,15672,15.672,swapper/1,0,1,1
23846.938408,1070,14505,14.505,swapper/1,0,1,1
23846.948407,1071,13630,13.630,swapper/1,0,1,1
23846.958399,1072,6838,6.838,swapper/1,0,1,1
23846.968405,1073,11380,11.380,swapper/1,0,1,1
23846.978406,1074,12088,12.088,swapper/1,0,1,1
23846.988397,1075,5380,5.380,swapper/1,0,1,1
23846.998396,1076,5047,5.047,swapper/1,0,1,1
23847.008395,1077,4380,4.380,swapper/1,0,1,1
23847.018394,1078,3297,3.297,swapper/1,0,1,1
23847.028394,1079,3588,3.588,swapper/1,0,1,1
23847.038394,1080,3422,3.422,swapper/1,0,1,1
23847.048395,1081,4172,4.172,swapper/1,0,1,1
23847.058394,1082,3505,3.505,swapper/1,0,1,1
23847.068394,1083,3755,3.755,swapper/1,0,1,1
23847.078395,1084,3547,3.547,swapper/1,0,1,1
23847.088394,1085,3505,3.505,swapper/1,0,1,1
23847.098394,1086,3047,3.047,swapper/1,0,1,1
23847.108394,1087,3422,3.422,swapper/1,0,1,1
23847.118394,1088,3213,3.213,swapper/1,0,1,1
23847.128394,1089,3297,3.297,swapper/1,0,1,1
23847.138393,1090,2797,2.797,swapper/1,0,1,1
23847.148393,1091,3047,3.047,swapper/1,0,1,1
23847.158394,1092,3422,3.422,swapper/1,0,1,1
23847.168394,1093,3297,3.297,swapper/1,0,1,1
23847.178394,1094,3547,3.547,swapper/1,0,1,1
23847.188394,1095,3297,3.297,swapper/1,0,1,1
23847.198394,1096,2963,2.963,swapper/1,0,1,1
23847.208394,1097,3172,3.172,swapper/1,0,1,1
23847.218394,1098,3755,3.755,swapper/1,0,1,1
23847.228393,1099,3297,3.297,swapper/1,0,1,1
23847.238394,1100,3380,3.380,swapper/1,0,1,1
23847.248394,1101,3880,3.880,swapper/1,0,1,1
23847.258394,1102,3547,3.547,swapper/1,0,1,1
23847.268394,1103,3088,3.088,swapper/1,0,1,1
23847.278393,1104,3088,3.088,swapper/1,0,1,1
23847.288394,1105,3672,3.672,swapper/1,0,1,1
23847.298394,1106,3172,3.172,swapper/1,0,1,1
23847.308394,1107,3005,3.005,swapper/1,0,1,1
23847.318393,1108,2963,2.963,swapper/1,0,1,1
23847.328393,1109,2755,2.755,swapper/1,0,1,1
23847.338394,1110,3172,3.172,swapper/1,0,1,1
23847.348394,1111,3672,3.672,swapper/1,0,1,1
23847.358393,1112,3255,3.255,swapper/1,0,1,1
23847.368394,1113,3713,3.713,swapper/1,0,1,1
23847.378395,1114,3255,3.255,swapper/1,0,1,1
23847.388395,1115,3963,3.963,swapper/1,0,1,1
23847.398394,1116,3213,3.213,swapper/1,0,1,1
23847.408396,1117,4338,4.338,swapper/1,0,1,1
23847.418396,1118,4422,4.422,swapper/1,0,1,1
23847.428395,1119,3963,3.963,swapper/1,0,1,1
23847.438395,1120,4213,4.213,swapper/1,0,1,1
23847.448408,1121,14338,14.338,swapper/1,0,1,1
23847.458410,1122,16755,16.755,swapper/1,0,1,1
23847.468408,1123,13755,13.755,swapper/1,0,1,1
23847.478410,1124,15880,15.880,swapper/1,0,1,1
23847.488405,1125,12297,12.297,swapper/1,0,1,1
23847.498406,1126,12797,12.797,swapper/1,0,1,1
23847.508400,1127,6839,6.839,swapper/1,0,1,1
23847.518394,1128,3505,3.505,swapper/1,0,1,1
23847.528394,1129,3297,3.297,swapper/1,0,1,1
23847.538395,1130,4214,4.214,swapper/1,0,1,1
23847.548396,1131,5214,5.214,swapper/1,0,1,1
23847.558395,1132,3755,3.755,swapper/1,0,1,1
23847.568395,1133,3839,3.839,swapper/1,0,1,1
23847.578395,1134,4255,4.255,swapper/1,0,1,1
23847.588394,1135,3630,3.630,swapper/1,0,1,1
23847.598393,1136,3172,3.172,swapper/1,0,1,1
23847.608404,1137,11089,11.089,swapper/1,0,1,1
23847.618408,1138,14547,14.547,swapper/1,0,1,1
23847.628396,1139,3880,3.880,swapper/1,0,1,1
23847.638396,1140,4214,4.214,swapper/1,0,1,1
23847.648397,1141,5339,5.339,swapper/1,0,1,1
23847.658397,1142,5255,5.255,swapper/1,0,1,1
23847.668396,1143,4880,4.880,swapper/1,0,1,1
23847.678401,1144,8422,8.422,swapper/1,0,1,1
23847.688395,1145,3797,3.797,swapper/1,0,1,1
23847.698395,1146,4172,4.172,swapper/1,0,1,1
23847.708395,1147,4172,4.172,swapper/1,0,1,1
23847.718395,1148,4005,4.005,swapper/1,0,1,1
23847.728394,1149,3505,3.505,swapper/1,0,1,1
23847.738395,1150,4089,4.089,swapper/1,0,1,1
23847.748394,1151,3797,3.797,swapper/1,0,1,1
23847.758393,1152,3130,3.130,swapper/1,0,1,1
23847.768394,1153,3380,3.380,swapper/1,0,1,1
23847.778394,1154,2964,2.964,swapper/1,0,1,1
23847.788393,1155,3089,3.089,swapper/1,0,1,1
23847.798393,1156,2964,2.964,swapper/1,0,1,1
23847.808393,1157,2797,2.797,swapper/1,0,1,1
23847.818393,1158,3130,3.130,swapper/1,0,1,1
23847.828394,1159,3255,3.255,swapper/1,0,1,1
23847.838393,1160,3089,3.089,swapper/1,0,1,1
23847.848393,1161,3172,3.172,swapper/1,0,1,1
23847.858394,1162,3380,3.380,swapper/1,0,1,1
23847.868394,1163,3089,3.089,swapper/1,0,1,1
23847.878394,1164,3755,3.755,swapper/1,0,1,1
23847.888394,1165,3339,3.339,swapper/1,0,1,1
23847.898393,1166,3047,3.047,swapper/1,0,1,1
23847.908393,1167,3339,3.339,swapper/1,0,1,1
23847.918393,1168,2755,2.755,swapper/1,0,1,1
23847.928394,1169,3880,3.880,swapper/1,0,1,1
23847.938394,1170,2964,2.964,swapper/1,0,1,1
23847.948394,1171,3089,3.089,swapper/1,0,1,1
23847.958393,1172,3339,3.339,swapper/1,0,1,1
23847.968393,1173,2922,2.922,swapper/1,0,1,1
23847.978396,1174,3880,3.880,swapper/1,0,1,1
23847.988394,1175,3422,3.422,swapper/1,0,1,1
23847.998394,1176,3172,3.172,swapper/1,0,1,1
23848.008394,1177,3672,3.672,swapper/1,0,1,1
23848.018395,1178,4589,4.589,swapper/1,0,1,1
23848.028395,1179,3339,3.339,swapper/1,0,1,1
23848.038393,1180,3422,3.422,swapper/1,0,1,1
23848.048395,1181,4505,4.505,swapper/1,0,1,1
23848.058393,1182,3380,3.380,swapper/1,0,1,1
23848.068394,1183,3464,3.464,swapper/1,0,1,1
23848.078396,1184,4297,4.297,swapper/1,0,1,1
23848.088395,1185,3797,3.797,swapper/1,0,1,1
23848.098395,1186,3880,3.880,swapper/1,0,1,1
23848.108394,1187,4172,4.172,swapper/1,0,1,1
23848.118394,1188,3339,3.339,swapper/1,0,1,1
23848.128395,1189,4089,4.089,swapper/1,0,1,1
23848.138394,1190,3214,3.214,swapper/1,0,1,1
23848.148393,1191,3297,3.297,swapper/1,0,1,1
23848.158393,1192,2922,2.922,swapper/1,0,1,1
23848.168393,1193,3380,3.380,swapper/1,0,1,1
23848.178394,1194,3631,3.631,swapper/1,0,1,1
23848.188393,1195,3131,3.131,swapper/1,0,1,1
23848.198394,1196,3131,3.131,swapper/1,0,1,1
23848.208393,1197,3131,3.131,swapper/1,0,1,1
23848.218394,1198,3464,3.464,swapper/1,0,1,1
23848.228393,1199,3006,3.006,swapper/1,0,1,1
23848.238393,1200,3172,3.172,swapper/1,0,1,1
23848.248393,1201,3214,3.214,swapper/1,0,1,1
23848.258394,1202,3297,3.297,swapper/1,0,1,1
23848.268394,1203,3464,3.464,swapper/1,0,1,1
23848.278394,1204,3589,3.589,swapper/1,0,1,1
23848.288394,1205,3131,3.131,swapper/1,0,1,1
23848.298393,1206,2839,2.839,swapper/1,0,1,1
23848.308394,1207,3172,3.172,swapper/1,0,1,1
23848.318393,1208,3047,3.047,swapper/1,0,1,1
23848.328394,1209,3714,3.714,swapper/1,0,1,1
23848.338394,1210,3339,3.339,swapper/1,0,1,1
23848.348394,1211,3422,3.422,swapper/1,0,1,1
23848.358393,1212,2756,2.756,swapper/1,0,1,1
23848.368394,1213,4089,4.089,swapper/1,0,1,1
23848.378394,1214,3214,3.214,swapper/1,0,1,1
23848.388395,1215,3964,3.964,swapper/1,0,1,1
23848.398395,1216,4339,4.339,swapper/1,0,1,1
23848.408393,1217,3214,3.214,swapper/1,0,1,1
23848.418394,1218,3422,3.422,swapper/1,0,1,1
23848.428394,1219,3464,3.464,swapper/1,0,1,1
23848.438394,1220,3672,3.672,swapper/1,0,1,1
23848.448394,1221,3172,3.172,swapper/1,0,1,1
23848.458393,1222,2964,2.964,swapper/1,0,1,1
23848.468393,1223,3089,3.089,swapper/1,0,1,1
23848.478394,1224,3089,3.089,swapper/1,0,1,1
23848.488394,1225,3422,3.422,swapper/1,0,1,1
23848.498394,1226,3714,3.714,swapper/1,0,1,1
23848.508409,1227,15547,15.547,swapper/1,0,1,1
23848.518408,1228,14714,14.714,swapper/1,0,1,1
23848.528410,1229,15714,15.714,swapper/1,0,1,1
23848.538411,1230,16922,16.922,swapper/1,0,1,1
23848.548405,1231,11381,11.381,swapper/1,0,1,1
23848.558406,1232,12422,12.422,swapper/1,0,1,1
23848.568399,1233,5839,5.839,swapper/1,0,1,1
23848.578395,1234,3547,3.547,swapper/1,0,1,1
23848.588395,1235,3756,3.756,swapper/1,0,1,1
23848.598395,1236,4381,4.381,swapper/1,0,1,1
23848.608395,1237,3631,3.631,swapper/1,0,1,1
23848.618395,1238,4006,4.006,swapper/1,0,1,1
23848.628395,1239,3797,3.797,swapper/1,0,1,1
23848.638394,1240,3214,3.214,swapper/1,0,1,1
23848.648395,1241,4506,4.506,swapper/1,0,1,1
23848.658395,1242,4297,4.297,swapper/1,0,1,1
23848.668394,1243,3506,3.506,swapper/1,0,1,1
23848.678393,1244,3006,3.006,swapper/1,0,1,1
23848.688394,1245,3297,3.297,swapper/1,0,1,1
23848.698395,1246,4006,4.006,swapper/1,0,1,1
23848.708394,1247,3256,3.256,swapper/1,0,1,1
23848.718393,1248,3089,3.089,swapper/1,0,1,1
23848.728394,1249,3381,3.381,swapper/1,0,1,1
23848.738393,1250,3089,3.089,swapper/1,0,1,1
23848.748394,1251,3047,3.047,swapper/1,0,1,1
23848.758394,1252,3714,3.714,swapper/1,0,1,1
23848.768394,1253,3339,3.339,swapper/1,0,1,1
23848.778394,1254,2964,2.964,swapper/1,0,1,1
23848.788393,1255,3172,3.172,swapper/1,0,1,1
23848.798393,1256,2922,2.922,swapper/1,0,1,1
23848.808394,1257,3214,3.214,swapper/1,0,1,1
23848.818393,1258,3256,3.256,swapper/1,0,1,1
23848.828394,1259,3464,3.464,swapper/1,0,1,1
23848.838393,1260,2756,2.756,swapper/1,0,1,1
23848.848394,1261,3089,3.089,swapper/1,0,1,1
23848.858395,1262,4381,4.381,swapper/1,0,1,1
23848.868394,1263,3506,3.506,swapper/1,0,1,1
23848.878394,1264,3589,3.589,swapper/1,0,1,1
23848.888394,1265,3423,3.423,swapper/1,0,1,1
23848.898394,1266,3423,3.423,swapper/1,0,1,1
23848.908393,1267,3173,3.173,swapper/1,0,1,1
23848.918394,1268,3631,3.631,swapper/1,0,1,1
23848.928394,1269,2964,2.964,swapper/1,0,1,1
23848.938393,1270,3173,3.173,swapper/1,0,1,1
23848.948395,1271,4048,4.048,swapper/1,0,1,1
23848.958395,1272,3506,3.506,swapper/1,0,1,1
23848.968394,1273,3256,3.256,swapper/1,0,1,1
23848.978408,1274,14298,14.298,swapper/1,0,1,1
23848.988410,1275,16214,16.214,swapper/1,0,1,1
23848.998401,1276,8256,8.256,swapper/1,0,1,1
23849.008409,1277,16048,16.048,swapper/1,0,1,1
23849.018409,1278,15548,15.548,swapper/1,0,1,1
23849.028409,1279,14923,14.923,swapper/1,0,1,1
23849.038409,1280,15089,15.089,swapper/1,0,1,1
23849.048405,1281,11839,11.839,swapper/1,0,1,1
23849.058410,1282,16048,16.048,swapper/1,0,1,1
23849.068408,1283,14381,14.381,swapper/1,0,1,1
23849.078411,1284,17464,17.464,swapper/1,0,1,1
23849.088411,1285,16714,16.714,swapper/1,0,1,1
23849.098409,1286,14964,14.964,swapper/1,0,1,1
23849.108408,1287,14381,14.381,swapper/1,0,1,1
23849.118411,1288,17131,17.131,swapper/1,0,1,1
23849.128409,1289,15214,15.214,swapper/1,0,1,1
23849.138406,1290,12923,12.923,swapper/1,0,1,1
23849.148410,1291,16048,16.048,swapper/1,0,1,1
23849.158406,1292,12631,12.631,swapper/1,0,1,1
23849.168407,1293,13756,13.756,swapper/1,0,1,1
23849.178408,1294,14423,14.423,swapper/1,0,1,1
23849.188400,1295,6923,6.923,swapper/1,0,1,1
23849.198398,1296,5756,5.756,swapper/1,0,1,1
23849.208395,1297,3548,3.548,swapper/1,0,1,1
23849.218395,1298,4381,4.381,swapper/1,0,1,1
23849.228394,1299,3256,3.256,swapper/1,0,1,1
23849.238394,1300,3506,3.506,swapper/1,0,1,1
23849.248395,1301,3923,3.923,swapper/1,0,1,1
23849.258394,1302,3673,3.673,swapper/1,0,1,1
23849.268394,1303,3423,3.423,swapper/1,0,1,1
23849.278395,1304,4048,4.048,swapper/1,0,1,1
23849.288406,1305,11131,11.131,swapper/1,0,1,1
23849.298402,1306,9089,9.089,swapper/1,0,1,1
23849.308396,1307,4339,4.339,swapper/1,0,1,1
23849.318396,1308,5131,5.131,swapper/1,0,1,1
23849.328396,1309,4589,4.589,swapper/1,0,1,1
23849.338396,1310,4214,4.214,swapper/1,0,1,1
23849.348407,1311,13506,13.506,swapper/1,0,1,1
23849.358395,1312,3548,3.548,swapper/1,0,1,1
23849.368394,1313,3339,3.339,swapper/1,0,1,1
23849.378394,1314,3464,3.464,swapper/1,0,1,1
23849.388394,1315,4048,4.048,swapper/1,0,1,1
23849.398394,1316,3714,3.714,swapper/1,0,1,1
23849.408394,1317,3548,3.548,swapper/1,0,1,1
23849.418394,1318,3589,3.589,swapper/1,0,1,1
23849.428394,1319,3548,3.548,swapper/1,0,1,1
23849.438394,1320,3006,3.006,swapper/1,0,1,1
23849.448394,1321,3298,3.298,swapper/1,0,1,1
23849.458395,1322,4131,4.131,swapper/1,0,1,1
23849.468394,1323,3173,3.173,swapper/1,0,1,1
23849.478394,1324,3589,3.589,swapper/1,0,1,1
23849.488393,1325,3006,3.006,swapper/1,0,1,1
23849.498393,1326,2964,2.964,swapper/1,0,1,1
23849.508393,1327,3131,3.131,swapper/1,0,1,1
23849.518393,1328,3006,3.006,swapper/1,0,1,1
23849.528394,1329,3589,3.589,swapper/1,0,1,1
23849.538393,1330,3006,3.006,swapper/1,0,1,1
23849.548393,1331,3256,3.256,swapper/1,0,1,1
23849.558393,1332,2798,2.798,swapper/1,0,1,1
23849.568410,1333,15798,15.798,swapper/1,0,1,1
23849.578409,1334,14423,14.423,swapper/1,0,1,1
23849.588410,1335,16006,16.006,swapper/1,0,1,1
23849.598403,1336,9798,9.798,swapper/1,0,1,1
23849.608403,1337,10131,10.131,swapper/1,0,1,1
23849.618406,1338,13381,13.381,swapper/1,0,1,1
23849.628400,1339,6673,6.673,swapper/1,0,1,1
23849.638395,1340,3881,3.881,swapper/1,0,1,1
23849.648394,1341,3590,3.590,swapper/1,0,1,1
23849.658394,1342,3256,3.256,swapper/1,0,1,1
23849.668396,1343,4381,4.381,swapper/1,0,1,1
23849.678396,1344,3923,3.923,swapper/1,0,1,1
23849.688394,1345,4090,4.090,swapper/1,0,1,1
23849.698394,1346,3423,3.423,swapper/1,0,1,1
23849.708394,1347,3256,3.256,swapper/1,0,1,1
23849.718394,1348,3048,3.048,swapper/1,0,1,1
23849.728394,1349,3340,3.340,swapper/1,0,1,1
23849.738393,1350,3006,3.006,swapper/1,0,1,1
23849.748397,1351,5256,5.256,swapper/1,0,1,1
23849.758395,1352,3965,3.965,swapper/1,0,1,1
23849.768394,1353,3506,3.506,swapper/1,0,1,1
23849.778394,1354,3756,3.756,swapper/1,0,1,1
23849.788394,1355,3048,3.048,swapper/1,0,1,1
23849.798395,1356,3423,3.423,swapper/1,0,1,1
23849.808395,1357,3381,3.381,swapper/1,0,1,1
23849.818394,1358,2965,2.965,swapper/1,0,1,1
23849.828394,1359,3090,3.090,swapper/1,0,1,1
23849.838394,1360,3215,3.215,swapper/1,0,1,1
23849.848394,1361,3381,3.381,swapper/1,0,1,1
23849.858394,1362,3465,3.465,swapper/1,0,1,1
23849.868393,1363,3465,3.465,swapper/1,0,1,1
23849.878393,1364,2881,2.881,swapper/1,0,1,1
23849.888394,1365,3048,3.048,swapper/1,0,1,1
23849.898393,1366,3090,3.090,swapper/1,0,1,1
23849.908394,1367,3631,3.631,swapper/1,0,1,1
23849.918393,1368,2798,2.798,swapper/1,0,1,1
23849.928393,1369,3090,3.090,swapper/1,0,1,1
23849.938394,1370,3465,3.465,swapper/1,0,1,1
23849.948393,1371,3048,3.048,swapper/1,0,1,1
23849.958393,1372,3256,3.256,swapper/1,0,1,1
23849.968393,1373,3131,3.131,swapper/1,0,1,1
23849.978396,1374,3381,3.381,swapper/1,0,1,1
23849.988397,1375,6131,6.131,swapper/1,0,1,1
23849.998395,1376,3215,3.215,swapper/1,0,1,1
23850.008395,1377,3298,3.298,swapper/1,0,1,1
23850.018394,1378,3423,3.423,swapper/1,0,1,1
23850.028394,1379,3173,3.173,swapper/1,0,1,1
23850.038395,1380,4381,4.381,swapper/1,0,1,1
23850.048395,1381,3381,3.381,swapper/1,0,1,1
23850.058394,1382,3506,3.506,swapper/1,0,1,1
23850.068394,1383,3506,3.506,swapper/1,0,1,1
23850.078396,1384,4381,4.381,swapper/1,0,1,1
23850.088395,1385,4340,4.340,swapper/1,0,1,1
23850.098394,1386,3631,3.631,swapper/1,0,1,1
23850.108395,1387,3756,3.756,swapper/1,0,1,1
23850.118393,1388,2881,2.881,swapper/1,0,1,1
23850.128394,1389,3590,3.590,swapper/1,0,1,1
23850.138393,1390,3006,3.006,swapper/1,0,1,1
23850.148394,1391,3090,3.090,swapper/1,0,1,1
23850.158393,1392,3090,3.090,swapper/1,0,1,1
23850.168393,1393,3006,3.006,swapper/1,0,1,1
23850.178394,1394,3090,3.090,swapper/1,0,1,1
23850.188394,1395,3381,3.381,swapper/1,0,1,1
23850.198393,1396,2965,2.965,swapper/1,0,1,1
23850.208393,1397,3090,3.090,swapper/1,0,1,1
23850.218393,1398,3256,3.256,swapper/1,0,1,1
23850.228394,1399,3256,3.256,swapper/1,0,1,1
23850.238394,1400,3506,3.506,swapper/1,0,1,1
23850.248394,1401,3423,3.423,swapper/1,0,1,1
23850.258395,1402,4048,4.048,swapper/1,0,1,1
23850.268393,1403,3048,3.048,swapper/1,0,1,1
23850.278395,1404,4007,4.007,swapper/1,0,1,1
23850.288394,1405,3215,3.215,swapper/1,0,1,1
23850.298394,1406,3257,3.257,swapper/1,0,1,1
23850.308394,1407,3548,3.548,swapper/1,0,1,1
23850.318393,1408,3090,3.090,swapper/1,0,1,1
23850.328394,1409,3340,3.340,swapper/1,0,1,1
23850.338394,1410,3340,3.340,swapper/1,0,1,1
23850.348395,1411,3923,3.923,swapper/1,0,1,1
23850.358394,1412,3465,3.465,swapper/1,0,1,1
23850.368395,1413,3715,3.715,swapper/1,0,1,1
23850.378394,1414,3632,3.632,swapper/1,0,1,1
23850.388394,1415,3715,3.715,swapper/1,0,1,1
23850.398394,1416,3423,3.423,swapper/1,0,1,1
23850.408395,1417,3882,3.882,swapper/1,0,1,1
23850.418394,1418,3882,3.882,swapper/1,0,1,1
23850.428394,1419,3257,3.257,swapper/1,0,1,1
23850.438394,1420,3673,3.673,swapper/1,0,1,1
23850.448393,1421,3132,3.132,swapper/1,0,1,1
23850.458393,1422,2840,2.840,swapper/1,0,1,1
23850.468394,1423,3215,3.215,swapper/1,0,1,1
23850.478394,1424,3298,3.298,swapper/1,0,1,1
23850.488394,1425,3465,3.465,swapper/1,0,1,1
23850.498394,1426,3548,3.548,swapper/1,0,1,1
23850.508393,1427,2757,2.757,swapper/1,0,1,1
23850.518393,1428,2965,2.965,swapper/1,0,1,1
23850.528393,1429,2965,2.965,swapper/1,0,1,1
23850.538394,1430,2965,2.965,swapper/1,0,1,1
23850.548396,1431,4507,4.507,swapper/1,0,1,1
23850.558395,1432,3382,3.382,swapper/1,0,1,1
23850.568394,1433,3840,3.840,swapper/1,0,1,1
23850.578394,1434,3840,3.840,swapper/1,0,1,1
23850.588393,1435,3007,3.007,swapper/1,0,1,1
23850.598394,1436,3298,3.298,swapper/1,0,1,1
23850.608394,1437,3673,3.673,swapper/1,0,1,1
23850.618393,1438,2882,2.882,swapper/1,0,1,1
23850.628411,1439,17215,17.215,swapper/1,0,1,1
23850.638402,1440,9132,9.132,swapper/1,0,1,1
23850.648407,1441,13507,13.507,swapper/1,0,1,1
23850.658410,1442,15923,15.923,swapper/1,0,1,1
23850.668404,1443,10840,10.840,swapper/1,0,1,1
23850.678407,1444,14215,14.215,swapper/1,0,1,1
23850.688399,1445,5673,5.673,swapper/1,0,1,1
23850.698395,1446,3757,3.757,swapper/1,0,1,1
23850.708395,1447,3923,3.923,swapper/1,0,1,1
23850.718394,1448,3340,3.340,swapper/1,0,1,1
23850.728395,1449,3840,3.840,swapper/1,0,1,1
23850.738395,1450,3923,3.923,swapper/1,0,1,1
23850.748395,1451,4132,4.132,swapper/1,0,1,1
23850.758397,1452,5590,5.590,swapper/1,0,1,1
23850.768394,1453,3173,3.173,swapper/1,0,1,1
23850.778394,1454,3298,3.298,swapper/1,0,1,1
23850.788394,1455,3548,3.548,swapper/1,0,1,1
23850.798394,1456,3757,3.757,swapper/1,0,1,1
23850.808394,1457,3090,3.090,swapper/1,0,1,1
23850.818394,1458,3423,3.423,swapper/1,0,1,1
23850.828393,1459,2965,2.965,swapper/1,0,1,1
23850.838393,1460,3382,3.382,swapper/1,0,1,1
23850.848393,1461,3257,3.257,swapper/1,0,1,1
23850.858393,1462,3048,3.048,swapper/1,0,1,1
23850.868394,1463,3548,3.548,swapper/1,0,1,1
23850.878393,1464,3090,3.090,swapper/1,0,1,1
23850.888393,1465,3048,3.048,swapper/1,0,1,1
23850.898394,1466,3465,3.465,swapper/1,0,1,1
23850.908393,1467,3007,3.007,swapper/1,0,1,1
23850.918394,1468,3882,3.882,swapper/1,0,1,1
23850.928393,1469,3257,3.257,swapper/1,0,1,1
23850.938394,1470,3423,3.423,swapper/1,0,1,1
23850.948395,1471,4423,4.423,swapper/1,0,1,1
23850.958394,1472,3507,3.507,swapper/1,0,1,1
23850.968394,1473,3132,3.132,swapper/1,0,1,1
23850.978394,1474,3382,3.382,swapper/1,0,1,1
23850.988396,1475,3882,3.882,swapper/1,0,1,1
23850.998394,1476,3382,3.382,swapper/1,0,1,1
23851.008394,1477,3257,3.257,swapper/1,0,1,1
23851.018394,1478,3424,3.424,swapper/1,0,1,1
23851.028393,1479,2924,2.924,swapper/1,0,1,1
23851.038393,1480,2799,2.799,swapper/1,0,1,1
23851.048394,1481,3382,3.382,swapper/1,0,1,1
23851.058395,1482,4090,4.090,swapper/1,0,1,1
23851.068394,1483,2882,2.882,swapper/1,0,1,1
23851.078393,1484,3132,3.132,swapper/1,0,1,1
23851.088395,1485,3757,3.757,swapper/1,0,1,1
23851.098394,1486,3215,3.215,swapper/1,0,1,1
23851.108394,1487,3382,3.382,swapper/1,0,1,1
23851.118393,1488,3049,3.049,swapper/1,0,1,1
23851.128393,1489,3132,3.132,swapper/1,0,1,1
23851.138393,1490,3132,3.132,swapper/1,0,1,1
23851.148394,1491,3215,3.215,swapper/1,0,1,1
23851.158394,1492,3465,3.465,swapper/1,0,1,1
23851.168394,1493,3340,3.340,swapper/1,0,1,1
23851.178394,1494,2965,2.965,swapper/1,0,1,1
23851.188411,1495,16382,16.382,swapper/1,0,1,1
23851.198411,1496,17090,17.090,swapper/1,0,1,1
23851.208410,1497,16424,16.424,swapper/1,0,1,1
23851.218410,1498,15382,15.382,swapper/1,0,1,1
23851.228401,1499,8132,8.132,swapper/1,0,1,1
23851.238408,1500,14465,14.465,swapper/1,0,1,1
23851.248409,1501,15674,15.674,swapper/1,0,1,1
23851.258408,1502,14590,14.590,swapper/1,0,1,1
23851.268409,1503,15340,15.340,swapper/1,0,1,1
23851.278409,1504,14882,14.882,swapper/1,0,1,1
23851.288408,1505,13840,13.840,swapper/1,0,1,1
23851.298410,1506,16799,16.799,swapper/1,0,1,1
23851.308409,1507,15465,15.465,swapper/1,0,1,1
23851.318410,1508,17007,17.007,swapper/1,0,1,1
23851.328407,1509,13882,13.882,swapper/1,0,1,1
23851.338408,1510,14382,14.382,swapper/1,0,1,1
23851.348410,1511,15715,15.715,swapper/1,0,1,1
23851.358406,1512,12340,12.340,swapper/1,0,1,1
23851.368400,1513,7632,7.632,swapper/1,0,1,1
23851.378406,1514,12465,12.465,swapper/1,0,1,1
23851.388404,1515,10257,10.257,swapper/1,0,1,1
23851.398397,1516,5465,5.465,swapper/1,0,1,1
23851.408395,1517,4090,4.090,swapper/1,0,1,1
23851.418396,1518,4882,4.882,swapper/1,0,1,1
23851.428394,1519,3215,3.215,swapper/1,0,1,1
23851.438394,1520,3632,3.632,swapper/1,0,1,1
23851.448394,1521,3340,3.340,swapper/1,0,1,1
23851.458395,1522,3549,3.549,swapper/1,0,1,1
23851.468393,1523,3090,3.090,swapper/1,0,1,1
23851.478393,1524,3174,3.174,swapper/1,0,1,1
23851.488393,1525,3174,3.174,swapper/1,0,1,1
23851.498394,1526,3049,3.049,swapper/1,0,1,1
23851.508393,1527,3257,3.257,swapper/1,0,1,1
23851.518393,1528,2924,2.924,swapper/1,0,1,1
23851.528394,1529,3549,3.549,swapper/1,0,1,1
23851.538394,1530,3257,3.257,swapper/1,0,1,1
23851.548394,1531,3465,3.465,swapper/1,0,1,1
23851.558394,1532,3215,3.215,swapper/1,0,1,1
23851.568393,1533,2924,2.924,swapper/1,0,1,1
23851.578393,1534,3090,3.090,swapper/1,0,1,1
23851.588394,1535,3382,3.382,swapper/1,0,1,1
23851.598393,1536,3049,3.049,swapper/1,0,1,1
23851.608394,1537,3590,3.590,swapper/1,0,1,1
23851.618394,1538,3340,3.340,swapper/1,0,1,1
23851.628394,1539,3382,3.382,swapper/1,0,1,1
23851.638393,1540,3090,3.090,swapper/1,0,1,1
23851.648394,1541,3465,3.465,swapper/1,0,1,1
23851.658395,1542,3965,3.965,swapper/1,0,1,1
23851.668394,1543,3507,3.507,swapper/1,0,1,1
23851.678394,1544,3257,3.257,swapper/1,0,1,1
23851.688408,1545,14424,14.424,swapper/1,0,1,1
23851.698406,1546,12549,12.549,swapper/1,0,1,1
23851.708409,1547,15549,15.549,swapper/1,0,1,1
23851.718404,1548,10549,10.549,swapper/1,0,1,1
23851.728405,1549,11924,11.924,swapper/1,0,1,1
23851.738408,1550,14466,14.466,swapper/1,0,1,1
23851.748400,1551,7091,7.091,swapper/1,0,1,1
23851.758395,1552,3674,3.674,swapper/1,0,1,1
23851.768395,1553,3841,3.841,swapper/1,0,1,1
23851.778395,1554,4382,4.382,swapper/1,0,1,1
23851.788394,1555,3716,3.716,swapper/1,0,1,1
23851.798394,1556,3257,3.257,swapper/1,0,1,1
23851.808395,1557,3716,3.716,swapper/1,0,1,1
23851.818394,1558,3924,3.924,swapper/1,0,1,1
23851.828395,1559,4091,4.091,swapper/1,0,1,1
23851.838394,1560,3174,3.174,swapper/1,0,1,1
23851.848394,1561,3174,3.174,swapper/1,0,1,1
23851.858395,1562,4341,4.341,swapper/1,0,1,1
23851.868394,1563,3632,3.632,swapper/1,0,1,1
23851.878394,1564,3841,3.841,swapper/1,0,1,1
23851.888395,1565,4341,4.341,swapper/1,0,1,1
23851.898394,1566,3424,3.424,swapper/1,0,1,1
23851.908394,1567,3966,3.966,swapper/1,0,1,1
23851.918394,1568,3382,3.382,swapper/1,0,1,1
23851.928394,1569,3132,3.132,swapper/1,0,1,1
23851.938394,1570,3507,3.507,swapper/1,0,1,1
23851.948393,1571,3007,3.007,swapper/1,0,1,1
23851.958394,1572,3382,3.382,swapper/1,0,1,1
23851.968393,1573,2966,2.966,swapper/1,0,1,1
23851.978407,1574,13674,13.674,swapper/1,0,1,1
